<?xml version="1.0"?>
<pagescount>
	<html_total>2</html_total>
	<html_done>2</html_done>
	<img>33</img>
	<js>14</js>
	<css>2</css>
	<pdf/>
	<doc/>
	<xls/>
	<ppt/>
	<swf/>
	<mp3/>
	<mp4/>
	<wav/>
	<xml/>
	<json/>
	<txt/>
	<fonts/>
	<scraping_reload>1</scraping_reload>
	<is_pretty_url>true</is_pretty_url>
	<is_ebn>false</is_ebn>
	<theme_name>5080</theme_name>
	<server_url_front_page>http://www.waybackmachinedownloads.com/scraping/files/demo/startup-maker.com_xxtoff_gmail.com_yt0wjriw7f6/</server_url_front_page>
	<no_www_url>startup-maker.com</no_www_url>
	<hosted_domain/>
	<original_archive_url>https://web.archive.org/web/20181201122543/http://www.startup-maker.com/</original_archive_url>
	<final_archive_url>https://web.archive.org/web/20181201122543/http://www.startup-maker.com/</final_archive_url>
	<front_page_code_date>20181201122543</front_page_code_date>
	<total_urls_from_api>6 pages</total_urls_from_api>
	<search_url_added>true</search_url_added>
	<total_size>9284</total_size>
</pagescount>
